{
    "root_group": {
        "name": "",
        "path": "",
        "id": "d41d8cd98f00b204e9800998ecf8427e",
        "groups": {},
        "checks": {
                "status is 200": {
                    "id": "6210a8cd14cd70477eba5c5e4cb3fb5f",
                    "passes": 82720,
                    "fails": 0,
                    "name": "status is 200",
                    "path": "::status is 200"
                }
            }
    },
    "metrics": {
        "vus_max": {
            "value": 50,
            "min": 50,
            "max": 50
        },
        "http_req_tls_handshaking": {
            "avg": 0,
            "min": 0,
            "med": 0,
            "max": 0,
            "p(90)": 0,
            "p(95)": 0,
            "p(99)": 0
        },
        "data_received": {
            "count": 36479520,
            "rate": 1208348.366117943
        },
        "http_req_failed": {
            "passes": 0,
            "fails": 82720,
            "value": 0
        },
        "http_req_waiting": {
            "avg": 18.047972134913117,
            "min": 0.182,
            "med": 3.435,
            "max": 2571.511,
            "p(90)": 21.415,
            "p(95)": 65.77999999999993,
            "p(99)": 306.89292999999964
        },
        "http_reqs": {
            "count": 82720,
            "rate": 2740.0189707889863
        },
        "http_req_duration": {
            "p(90)": 21.494200000000003,
            "p(95)": 65.92115,
            "p(99)": 306.9228299999997,
            "avg": 18.08287536266918,
            "min": 0.191,
            "med": 3.46,
            "max": 2571.585,
            "thresholds": {
                "p(99)<50": true
            }
        },
        "iteration_duration": {
            "avg": 18.15898297339228,
            "min": 0.219292,
            "med": 3.5163124999999997,
            "max": 2580.349084,
            "p(90)": 21.636225000000003,
            "p(95)": 66.01837114999995,
            "p(99)": 307.6022179999995
        },
        "http_req_blocked": {
            "max": 16.497,
            "p(90)": 0.002,
            "p(95)": 0.004,
            "p(99)": 0.013,
            "avg": 0.008877405705977738,
            "min": 0,
            "med": 0.001
        },
        "http_req_sending": {
            "med": 0.003,
            "max": 7.072,
            "p(90)": 0.012,
            "p(95)": 0.02,
            "p(99)": 0.074,
            "avg": 0.009023706479689626,
            "min": 0.001
        },
        "iterations": {
            "count": 82720,
            "rate": 2740.0189707889863
        },
        "http_req_duration{expected_response:true}": {
            "p(99)": 306.9228299999997,
            "avg": 18.08287536266918,
            "min": 0.191,
            "med": 3.46,
            "max": 2571.585,
            "p(90)": 21.494200000000003,
            "p(95)": 65.92115
        },
        "data_sent": {
            "count": 19604640,
            "rate": 649384.4960769898
        },
        "http_req_connecting": {
            "p(95)": 0,
            "p(99)": 0,
            "avg": 0.0011612548355899419,
            "min": 0,
            "med": 0,
            "max": 2.408,
            "p(90)": 0
        },
        "vus": {
            "value": 50,
            "min": 50,
            "max": 50
        },
        "http_req_receiving": {
            "avg": 0.025879521276617717,
            "min": 0.004,
            "med": 0.009,
            "max": 18.928,
            "p(90)": 0.032,
            "p(95)": 0.057,
            "p(99)": 0.23680999999999924
        },
        "checks": {
            "passes": 82720,
            "fails": 0,
            "value": 1
        }
    }
}