{
    "root_group": {
        "name": "",
        "path": "",
        "id": "d41d8cd98f00b204e9800998ecf8427e",
        "groups": {},
        "checks": {
                "status is 200": {
                    "fails": 0,
                    "name": "status is 200",
                    "path": "::status is 200",
                    "id": "6210a8cd14cd70477eba5c5e4cb3fb5f",
                    "passes": 5747
                }
            }
    },
    "metrics": {
        "http_req_duration": {
            "p(95)": 359.844,
            "p(99)": 1072.0786,
            "avg": 261.24601183226025,
            "min": 95.116,
            "med": 226.964,
            "max": 2009.721,
            "p(90)": 321.44340000000005,
            "thresholds": {
                "p(99)<50": true
            }
        },
        "http_reqs": {
            "count": 5747,
            "rate": 190.96058323688388
        },
        "http_req_waiting": {
            "med": 226.887,
            "max": 2009.597,
            "p(90)": 321.3738,
            "p(95)": 359.7138,
            "p(99)": 1071.87038,
            "avg": 261.12740229685033,
            "min": 94.828
        },
        "vus": {
            "value": 50,
            "min": 50,
            "max": 50
        },
        "vus_max": {
            "value": 50,
            "min": 50,
            "max": 50
        },
        "http_req_failed": {
            "passes": 0,
            "fails": 5747,
            "value": 0
        },
        "data_received": {
            "count": 7983460,
            "rate": 265273.39096021105
        },
        "http_req_tls_handshaking": {
            "avg": 0,
            "min": 0,
            "med": 0,
            "max": 0,
            "p(90)": 0,
            "p(95)": 0,
            "p(99)": 0
        },
        "checks": {
            "passes": 5747,
            "fails": 0,
            "value": 1
        },
        "http_req_blocked": {
            "avg": 0.07025195754306439,
            "min": 0,
            "med": 0.002,
            "max": 8.132,
            "p(90)": 0.006,
            "p(95)": 0.007,
            "p(99)": 0.4683799999999925
        },
        "iteration_duration": {
            "p(99)": 1072.219473,
            "avg": 261.5146656906204,
            "min": 95.272125,
            "med": 227.143709,
            "max": 2017.776375,
            "p(90)": 321.5861668,
            "p(95)": 360.0380338
        },
        "iterations": {
            "count": 5747,
            "rate": 190.96058323688388
        },
        "http_req_connecting": {
            "p(95)": 0,
            "p(99)": 0,
            "avg": 0.013875935270575953,
            "min": 0,
            "med": 0,
            "max": 1.923,
            "p(90)": 0
        },
        "http_req_duration{expected_response:true}": {
            "p(99)": 1072.0786,
            "avg": 261.24601183226025,
            "min": 95.116,
            "med": 226.964,
            "max": 2009.721,
            "p(90)": 321.44340000000005,
            "p(95)": 359.844
        },
        "http_req_receiving": {
            "avg": 0.09839951278928044,
            "min": 0.011,
            "med": 0.04,
            "max": 42.792,
            "p(90)": 0.119,
            "p(95)": 0.20569999999999974,
            "p(99)": 0.8911599999999998
        },
        "data_sent": {
            "count": 1362039,
            "rate": 45257.65822714148
        },
        "http_req_sending": {
            "avg": 0.020210022620498074,
            "min": 0.002,
            "med": 0.009,
            "max": 5.184,
            "p(90)": 0.023,
            "p(95)": 0.034699999999999745,
            "p(99)": 0.16693999999999942
        }
    }
}