{
    "root_group": {
        "name": "",
        "path": "",
        "id": "d41d8cd98f00b204e9800998ecf8427e",
        "groups": {},
        "checks": {
                "status is 200": {
                    "name": "status is 200",
                    "path": "::status is 200",
                    "id": "6210a8cd14cd70477eba5c5e4cb3fb5f",
                    "passes": 210256,
                    "fails": 0
                }
            }
    },
    "metrics": {
        "http_req_connecting": {
            "max": 2.726,
            "p(90)": 0,
            "p(95)": 0,
            "p(99)": 0,
            "avg": 0.0004210914313979149,
            "min": 0,
            "med": 0
        },
        "data_received": {
            "count": 122999760,
            "rate": 4094383.1045850287
        },
        "vus_max": {
            "value": 50,
            "min": 50,
            "max": 50
        },
        "http_req_duration": {
            "max": 665.272,
            "p(90)": 8.064,
            "p(95)": 11.412249999999991,
            "p(99)": 98.91899999999865,
            "avg": 7.077932929381215,
            "min": 0.352,
            "med": 3.951,
            "thresholds": {
                "p(99)<50": true
            }
        },
        "checks": {
            "passes": 210256,
            "fails": 0,
            "value": 1
        },
        "http_req_sending": {
            "min": 0.001,
            "med": 0.003,
            "max": 5.039,
            "p(90)": 0.007,
            "p(95)": 0.012,
            "p(99)": 0.042,
            "avg": 0.005931897306133217
        },
        "http_req_receiving": {
            "avg": 0.019167514839051717,
            "min": 0.005,
            "med": 0.009,
            "max": 33.433,
            "p(90)": 0.024,
            "p(95)": 0.043,
            "p(99)": 0.141
        },
        "http_req_duration{expected_response:true}": {
            "med": 3.951,
            "max": 665.272,
            "p(90)": 8.064,
            "p(95)": 11.412249999999991,
            "p(99)": 98.91899999999865,
            "avg": 7.077932929381215,
            "min": 0.352
        },
        "http_req_blocked": {
            "p(99)": 0.006,
            "avg": 0.0036296324480450653,
            "min": 0,
            "med": 0.001,
            "max": 13.292,
            "p(90)": 0.002,
            "p(95)": 0.002
        },
        "data_sent": {
            "rate": 1658750.0782677808,
            "count": 49830672
        },
        "http_req_waiting": {
            "p(90)": 8.026,
            "p(95)": 11.350749999999971,
            "p(99)": 98.8783999999986,
            "avg": 7.0528335172361345,
            "min": 0.341,
            "med": 3.932,
            "max": 665.161
        },
        "http_req_failed": {
            "passes": 0,
            "fails": 210256,
            "value": 0
        },
        "iteration_duration": {
            "med": 3.995104,
            "max": 676.580166,
            "p(90)": 8.127896000000002,
            "p(95)": 11.504718999999998,
            "p(99)": 99.01515244999851,
            "avg": 7.12995863475477,
            "min": 0.381916
        },
        "iterations": {
            "count": 210256,
            "rate": 6998.945477923126
        },
        "vus": {
            "min": 50,
            "max": 50,
            "value": 50
        },
        "http_reqs": {
            "count": 210256,
            "rate": 6998.945477923126
        },
        "http_req_tls_handshaking": {
            "min": 0,
            "med": 0,
            "max": 0,
            "p(90)": 0,
            "p(95)": 0,
            "p(99)": 0,
            "avg": 0
        }
    }
}