{
    "root_group": {
        "name": "",
        "path": "",
        "id": "d41d8cd98f00b204e9800998ecf8427e",
        "groups": {},
        "checks": {
                "status is 200": {
                    "name": "status is 200",
                    "path": "::status is 200",
                    "id": "6210a8cd14cd70477eba5c5e4cb3fb5f",
                    "passes": 35908,
                    "fails": 0
                }
            }
    },
    "metrics": {
        "http_req_sending": {
            "med": 0.003,
            "max": 10.333,
            "p(90)": 0.01,
            "p(95)": 0.019,
            "p(99)": 0.14092999999999967,
            "avg": 0.017490336415281114,
            "min": 0.001
        },
        "http_req_waiting": {
            "min": 0.145,
            "med": 6.8134999999999994,
            "max": 3502.588,
            "p(90)": 67.141,
            "p(95)": 204.91084999999998,
            "p(99)": 836.4178799999997,
            "avg": 41.59785655007246
        },
        "data_received": {
            "count": 15835428,
            "rate": 525532.2625110551
        },
        "http_req_receiving": {
            "med": 0.007,
            "max": 18.491,
            "p(90)": 0.043,
            "p(95)": 0.1106499999999984,
            "p(99)": 1.939579999999998,
            "avg": 0.08373718948424123,
            "min": 0.003
        },
        "http_req_failed": {
            "passes": 0,
            "fails": 35908,
            "value": 0
        },
        "http_req_duration": {
            "max": 3502.755,
            "p(90)": 67.52720000000008,
            "p(95)": 204.99184999999997,
            "p(99)": 836.4300699999999,
            "avg": 41.69908407597168,
            "min": 0.157,
            "med": 6.908,
            "thresholds": {
                "p(99)<50": true
            }
        },
        "iteration_duration": {
            "avg": 41.82411145463416,
            "min": 0.182166,
            "med": 7.020250000000001,
            "max": 3510.983584,
            "p(90)": 67.74077500000008,
            "p(95)": 205.03810439999995,
            "p(99)": 836.4532382499999
        },
        "checks": {
            "passes": 35908,
            "fails": 0,
            "value": 1
        },
        "http_req_tls_handshaking": {
            "p(95)": 0,
            "p(99)": 0,
            "avg": 0,
            "min": 0,
            "med": 0,
            "max": 0,
            "p(90)": 0
        },
        "http_req_connecting": {
            "avg": 0.0015991701013701684,
            "min": 0,
            "med": 0,
            "max": 2.149,
            "p(90)": 0,
            "p(95)": 0,
            "p(99)": 0
        },
        "data_sent": {
            "rate": 282428.90298213164,
            "count": 8510196
        },
        "http_req_duration{expected_response:true}": {
            "med": 6.908,
            "max": 3502.755,
            "p(90)": 67.52720000000008,
            "p(95)": 204.99184999999997,
            "p(99)": 836.4300699999999,
            "avg": 41.69908407597168,
            "min": 0.157
        },
        "vus": {
            "value": 50,
            "min": 50,
            "max": 50
        },
        "vus_max": {
            "value": 50,
            "min": 50,
            "max": 50
        },
        "iterations": {
            "count": 35908,
            "rate": 1191.6831349457032
        },
        "http_reqs": {
            "count": 35908,
            "rate": 1191.6831349457032
        },
        "http_req_blocked": {
            "min": 0,
            "med": 0.001,
            "max": 9.765,
            "p(90)": 0.002,
            "p(95)": 0.003,
            "p(99)": 0.009,
            "avg": 0.013947281942729874
        }
    }
}