{
    "root_group": {
        "groups": {},
        "checks": {
                "status is 200": {
                    "name": "status is 200",
                    "path": "::status is 200",
                    "id": "6210a8cd14cd70477eba5c5e4cb3fb5f",
                    "passes": 3358,
                    "fails": 0
                }
            },
        "name": "",
        "path": "",
        "id": "d41d8cd98f00b204e9800998ecf8427e"
    },
    "metrics": {
        "iterations": {
            "count": 3358,
            "rate": 111.2647692964107
        },
        "http_req_duration": {
            "avg": 448.1439344848129,
            "min": 177.713,
            "med": 323.74699999999996,
            "max": 7013.779,
            "p(90)": 548.0495999999999,
            "p(95)": 656.6677999999999,
            "p(99)": 6490.28737,
            "thresholds": {
                "p(99)<50": true
            }
        },
        "http_req_duration{expected_response:true}": {
            "avg": 448.1439344848129,
            "min": 177.713,
            "med": 323.74699999999996,
            "max": 7013.779,
            "p(90)": 548.0495999999999,
            "p(95)": 656.6677999999999,
            "p(99)": 6490.28737
        },
        "http_req_blocked": {
            "min": 0,
            "med": 0.001,
            "max": 9.231,
            "p(90)": 0.004,
            "p(95)": 0.007,
            "p(99)": 8.10006,
            "avg": 0.12781357951160358
        },
        "data_sent": {
            "count": 795846,
            "rate": 26369.750323249336
        },
        "http_req_connecting": {
            "p(99)": 1.1039099999999988,
            "avg": 0.019328469326980343,
            "min": 0,
            "med": 0,
            "max": 1.818,
            "p(90)": 0,
            "p(95)": 0
        },
        "iteration_duration": {
            "avg": 448.45281492942075,
            "min": 177.739917,
            "med": 323.797979,
            "max": 7023.111041,
            "p(90)": 548.0846413,
            "p(95)": 656.74965005,
            "p(99)": 6498.8896811899995
        },
        "data_received": {
            "rate": 154624.99448729126,
            "count": 4666623
        },
        "vus_max": {
            "min": 50,
            "max": 50,
            "value": 50
        },
        "checks": {
            "passes": 3358,
            "fails": 0,
            "value": 1
        },
        "http_req_waiting": {
            "med": 323.7145,
            "max": 7013.722,
            "p(90)": 548.0334,
            "p(95)": 655.3855999999998,
            "p(99)": 6490.0376400000005,
            "avg": 448.0268871351998,
            "min": 177.694
        },
        "http_req_tls_handshaking": {
            "min": 0,
            "med": 0,
            "max": 0,
            "p(90)": 0,
            "p(95)": 0,
            "p(99)": 0,
            "avg": 0
        },
        "vus": {
            "value": 50,
            "min": 50,
            "max": 50
        },
        "http_req_failed": {
            "passes": 0,
            "fails": 3358,
            "value": 0
        },
        "http_reqs": {
            "count": 3358,
            "rate": 111.2647692964107
        },
        "http_req_sending": {
            "p(99)": 0.354,
            "avg": 0.020445205479452205,
            "min": 0.001,
            "med": 0.004,
            "max": 4.015,
            "p(90)": 0.02,
            "p(95)": 0.03714999999999985
        },
        "http_req_receiving": {
            "p(99)": 1.562189999999999,
            "avg": 0.09660214413341298,
            "min": 0.009,
            "med": 0.019,
            "max": 37.397,
            "p(90)": 0.115,
            "p(95)": 0.2972999999999997
        }
    }
}