{
    "root_group": {
        "groups": {},
        "checks": {
                "status is 200": {
                    "name": "status is 200",
                    "path": "::status is 200",
                    "id": "6210a8cd14cd70477eba5c5e4cb3fb5f",
                    "passes": 82454,
                    "fails": 0
                }
            },
        "name": "",
        "path": "",
        "id": "d41d8cd98f00b204e9800998ecf8427e"
    },
    "metrics": {
        "checks": {
            "passes": 82454,
            "fails": 0,
            "value": 1
        },
        "iteration_duration": {
            "max": 1083.223375,
            "p(90)": 23.167929500000003,
            "p(95)": 36.772464799999995,
            "p(99)": 220.64919650999997,
            "avg": 18.270340638088896,
            "min": 0.5175,
            "med": 9.525645999999998
        },
        "http_reqs": {
            "count": 82454,
            "rate": 2733.5430705094254
        },
        "data_sent": {
            "count": 19541598,
            "rate": 647849.7077107338
        },
        "http_req_tls_handshaking": {
            "p(99)": 0,
            "avg": 0,
            "min": 0,
            "med": 0,
            "max": 0,
            "p(90)": 0,
            "p(95)": 0
        },
        "http_req_failed": {
            "passes": 0,
            "fails": 82454,
            "value": 0
        },
        "iterations": {
            "count": 82454,
            "rate": 2733.5430705094254
        },
        "http_req_blocked": {
            "avg": 0.017565575957482846,
            "min": 0,
            "med": 0.001,
            "max": 31.844,
            "p(90)": 0.002,
            "p(95)": 0.003,
            "p(99)": 0.009
        },
        "http_req_sending": {
            "p(99)": 0.115,
            "avg": 0.015576576030263934,
            "min": 0.001,
            "med": 0.003,
            "max": 18.701,
            "p(90)": 0.009,
            "p(95)": 0.018
        },
        "vus": {
            "value": 50,
            "min": 50,
            "max": 50
        },
        "http_req_connecting": {
            "med": 0,
            "max": 16.636,
            "p(90)": 0,
            "p(95)": 0,
            "p(99)": 0,
            "avg": 0.002763334707837097,
            "min": 0
        },
        "http_req_receiving": {
            "p(99)": 1.6404099999999977,
            "avg": 0.07312158294319789,
            "min": 0.004,
            "med": 0.008,
            "max": 15.566,
            "p(90)": 0.043,
            "p(95)": 0.103
        },
        "vus_max": {
            "value": 50,
            "min": 50,
            "max": 50
        },
        "http_req_duration": {
            "p(99)": 220.56768999999997,
            "avg": 18.15397063817419,
            "min": 0.48,
            "med": 9.439,
            "max": 1053.163,
            "p(90)": 23.0257,
            "p(95)": 36.57235,
            "thresholds": {
                "p(99)<50": true
            }
        },
        "http_req_duration{expected_response:true}": {
            "avg": 18.15397063817419,
            "min": 0.48,
            "med": 9.439,
            "max": 1053.163,
            "p(90)": 23.0257,
            "p(95)": 36.57235,
            "p(99)": 220.56768999999997
        },
        "http_req_waiting": {
            "min": 0.469,
            "med": 9.38,
            "max": 1053.122,
            "p(90)": 22.756800000000005,
            "p(95)": 36.34,
            "p(99)": 220.17041,
            "avg": 18.0652724792008
        },
        "data_received": {
            "count": 48235590,
            "rate": 1599122.6962480138
        }
    }
}